Descriptor,Values
ABC,0.01330219132861199
ABCGG,0.013952780433790668
nAcid,0.014495524980723956
nBase,0.027735920468689557
nHeavyAtom,0.012056832779675286
nBridgehead,0.001282729538857691
nHetero,0.010978365843802962
nH,0.01151211146406439
nC,0.015507635787155749
nN,0.06368278556199947
nO,0.02940213191875074
nS,0.007657163926465427
nX,-0.004432445276960961
ATS0dv,0.007486777538088685
ATS1dv,0.018289460987059858
ATS2dv,0.011144793167404465
ATS3dv,0.012943803574479773
ATS5dv,0.01528945110654334
ATS6dv,0.015709451254123152
ATS7dv,0.019319732589133665
ATS8dv,0.02140808554468876
ATS0d,0.012622678337710802
ATS1d,0.0133175287199232
ATS2d,0.011722435191115377
ATS6d,0.011868487402538985
ATS7d,0.018045042438129766
ATS8d,0.022594121808340528
ATS0Z,0.0020208779119785802
ATS1Z,0.008647299174982415
ATS2Z,0.008427823708020643
ATS3Z,0.005377469215082531
ATS5Z,0.011078757321781207
ATS6Z,0.016557886397532418
ATS7Z,0.015730822494216756
ATS8Z,0.014411463742106445
ATS0m,0.0010089499957870451
ATS1m,0.008443514980868372
ATS2m,0.008164475396907456
ATS3m,0.00482154674164903
ATS4m,0.007499271477440228
ATS5m,0.011780313762876471
ATS6m,0.017931006378765435
ATS7m,0.014192036307895783
ATS8m,0.0133599917539029
ATS0v,0.013155460143381426
ATS1v,0.01302820497806545
ATS2v,0.01360133185532364
ATS6v,0.01415099700094924
ATS7v,0.021413048479380414
ATS8v,0.02551183215612607
ATS0se,0.012036943036441095
ATS1se,0.012752028605864663
ATS3se,0.01238898541665101
ATS4se,0.011716795713597516
ATS5se,0.010255687881225217
ATS6se,0.010209240112879936
ATS7se,0.014677405791978959
ATS8se,0.02240905822895245
ATS0are,0.010792488772378928
ATS1are,0.012830231287078497
ATS2are,0.012858898254050732
ATS3are,0.011867310202820391
ATS4are,0.011146665089084795
ATS5are,0.009763011568845403
ATS6are,0.010254291870589238
ATS7are,0.015073856310838352
ATS8are,0.023012195587786444
ATS0p,0.011627172036268174
ATS1p,0.012976239993924388
ATS2p,0.013355555815987241
ATS6p,0.012779241909233185
ATS7p,0.018481343985903287
ATS8p,0.02584608046499115
ATS1i,0.01268463296330058
ATS2i,0.01311269006566862
ATS3i,0.013457693990197583
ATS4i,0.012365222920132535
ATS5i,0.010963838794058933
ATS6i,0.009922569323528752
ATS7i,0.014075446750366538
ATS8i,0.020995487364096288
AATS0dv,0.00795589492915827
AATS1dv,0.020068681835442526
AATS2dv,0.015485448444974459
AATS3dv,0.022872034812661646
AATS4dv,0.024556899834422552
AATS5dv,0.023297765844759954
AATS6dv,0.01871942092541934
AATS7dv,0.01891350740319453
AATS8dv,0.02057164319055982
AATS0d,0.029205629624633023
AATS1d,0.02880710529678554
AATS2d,0.02826693009438097
AATS3d,0.025640100042980674
AATS4d,0.03169482431192172
AATS5d,0.047995489479907505
AATS6d,0.044146405209616546
AATS7d,0.05356093768021131
AATS8d,0.0563150333390281
AATS0Z,0.0003783488140416402
AATS1Z,0.012072477412122584
AATS2Z,0.010148334227368494
AATS3Z,0.011725432165950789
AATS4Z,0.008142692762739046
AATS5Z,0.014474214702416166
AATS6Z,0.012900716006292612
AATS7Z,0.012754715841527098
AATS8Z,0.015022729684000868
AATS0m,-4.501937289624891e-07
AATS1m,0.012164804855665956
AATS2m,0.010253411570082749
AATS3m,0.011181583673184115
AATS4m,0.00850741696829882
AATS5m,0.015533585699994301
AATS6m,0.012867756564876931
AATS7m,0.012067105090283636
AATS8m,0.01360998101249189
AATS0v,0.021085791215963656
AATS1v,0.02576371878082062
AATS2v,0.028636041166334447
AATS3v,0.03615894549083842
AATS4v,0.02175843820931167
AATS5v,0.030947801343752968
AATS6v,0.03832768076444637
AATS7v,0.04028560787210944
AATS8v,0.04316294211047822
AATS0se,0.0046549451114612506
AATS1se,0.012059532367037828
AATS2se,0.00915882019554104
AATS3se,0.01397564050729061
AATS4se,0.014602253470304305
AATS5se,0.014167425682774848
AATS6se,0.009945608687617735
AATS7se,0.017543583833568466
AATS8se,0.01372105281946201
AATS0pe,0.0034988988752207018
AATS1pe,0.010042872672300085
AATS2pe,0.006734247263497917
AATS3pe,0.015048442034322207
AATS4pe,0.01398083281059792
AATS5pe,0.014456423353213843
AATS6pe,0.010712389321919868
AATS7pe,0.018128381270283267
AATS8pe,0.012653825988726997
AATS0are,0.003164785301511097
AATS1are,0.010899046129348111
AATS2are,0.006490094065342289
AATS3are,0.014809980779454612
AATS4are,0.014335474610758236
AATS5are,0.01442047961504267
AATS6are,0.009845414612527748
AATS7are,0.01745541467911238
AATS8are,0.011963506845283689
AATS0p,0.010210898860276485
AATS1p,0.0175516408805656
AATS2p,0.018932761892175076
AATS3p,0.020568520626361053
AATS4p,0.012031414689618103
AATS5p,0.014102627938663126
AATS6p,0.022250234616359776
AATS7p,0.03128409067803206
AATS8p,0.03519272570216003
AATS0i,0.016958214000170724
AATS1i,0.025618729039344146
AATS2i,0.03202058711829814
AATS3i,0.037257684146177805
AATS4i,0.03921455413507324
AATS5i,0.02698209136279006
AATS6i,0.015954111485111167
AATS7i,0.033672931957617
AATS8i,0.025440166017016708
ATSC0c,0.023632462057256554
ATSC1c,0.06255714021207526
ATSC2c,0.03665121266236815
ATSC3c,0.011371212004934073
ATSC4c,0.014202671468135808
ATSC5c,0.021833671099792618
ATSC6c,0.02034764865742833
ATSC7c,0.016782656142107832
ATSC8c,0.023874988130789365
ATSC0dv,0.007453945892091252
ATSC1dv,0.02871245497673547
ATSC2dv,0.019599130851335467
ATSC3dv,0.025838914502493093
ATSC4dv,0.01721683348095482
ATSC5dv,0.009917979858783177
ATSC6dv,0.010932637621229535
ATSC7dv,0.01624614773420463
ATSC8dv,0.030295506869221
ATSC0d,0.011275084909088129
ATSC1d,0.012308530247326477
ATSC2d,0.011153999684688332
ATSC3d,0.023678363164099547
ATSC4d,0.02672893700925849
ATSC5d,0.024006680732529873
ATSC6d,0.031210329632584077
ATSC7d,0.03924831527696604
ATSC8d,0.034876225294046215
ATSC0Z,0.0005695756785972783
ATSC1Z,0.010457490239175193
ATSC2Z,0.028330874080404467
ATSC3Z,0.00977401657171395
ATSC4Z,0.002735043174070917
ATSC5Z,-0.007379606934138305
ATSC6Z,-0.0029361501541220747
ATSC7Z,0.0020761159861404366
ATSC8Z,0.022282155004456072
ATSC0m,0.00019671863294101755
ATSC1m,0.010376095704453636
ATSC2m,0.027756972780200506
ATSC3m,0.009505329317875066
ATSC4m,0.0025240559628842973
ATSC5m,-0.007024115586189872
ATSC6m,-0.0027238934487949784
ATSC7m,0.0022434886512283647
ATSC8m,0.02278786401921984
ATSC0v,0.011601939160009955
ATSC1v,0.031587245184383494
ATSC2v,0.02218663391842024
ATSC3v,0.020745358731647734
ATSC4v,0.00941077769744414
ATSC5v,0.00782011934168203
ATSC6v,0.012494654419582751
ATSC7v,0.019491091508671232
ATSC8v,0.022471199279805454
ATSC0se,0.0026732448578754564
ATSC1se,0.04581902288717998
ATSC2se,0.007288274633081571
ATSC3se,0.010481380339387947
ATSC4se,0.007724368862610298
ATSC5se,0.011461303573815584
ATSC6se,0.005433450402723139
ATSC7se,0.008401153260416905
ATSC8se,0.01767259488895423
ATSC1pe,0.040344675002416786
ATSC0are,0.00037814092488663853
ATSC1are,0.046918501857507344
ATSC2are,0.008412893630037832
ATSC3are,0.009311581768621124
ATSC4are,0.007993930219125644
ATSC5are,0.013709563893391952
ATSC6are,0.0036875620801453124
ATSC7are,0.00898993478850496
ATSC8are,0.018098437612354967
ATSC0p,0.009514779141064356
ATSC1p,0.02860599082468296
ATSC2p,0.023747745125756836
ATSC3p,0.023194363268879137
ATSC4p,0.00920974625323323
ATSC5p,0.015442277509312152
ATSC6p,0.009204809382835855
ATSC7p,0.021604495422367087
ATSC8p,0.01724206180442911
ATSC0i,0.003937408776099716
ATSC1i,0.04605497134278824
ATSC2i,0.019291110104395326
ATSC3i,0.045072940413309226
ATSC4i,0.01658969484268047
ATSC5i,0.02951412266017428
ATSC6i,0.006646125291772442
ATSC7i,0.03661111031492359
ATSC8i,0.025197182649033145
AATSC0c,0.02284579216973226
AATSC1c,0.0750339449534696
AATSC2c,0.03042349847673309
AATSC3c,0.01116724554490034
AATSC4c,0.014961922171357056
AATSC5c,0.01892593807786458
AATSC6c,0.023121132784861054
AATSC7c,0.020451843000989456
AATSC8c,0.030783551878956317
AATSC0dv,0.0103564843422288
AATSC1dv,0.038748923963449755
AATSC2dv,0.02446193640266303
AATSC3dv,0.03633584971291581
AATSC4dv,0.0267554067956568
AATSC5dv,0.018279182145956696
AATSC6dv,0.013207636540371936
AATSC7dv,0.0220263289095306
AATSC8dv,0.03154243632522302
AATSC0d,0.02320001756982437
AATSC1d,0.02343640746348008
AATSC2d,0.01796856233883304
AATSC3d,0.042812964219334226
AATSC4d,0.04009508066239498
AATSC5d,0.0347039486276568
AATSC6d,0.037219723668730165
AATSC7d,0.04187479670168903
AATSC8d,0.04822463238948416
AATSC0Z,-0.0005640191187017418
AATSC1Z,0.012201798642423434
AATSC2Z,0.03638471120493225
AATSC3Z,0.014911131961949486
AATSC4Z,0.006581569962880618
AATSC5Z,-0.004504116937758873
AATSC6Z,-0.001821854246772503
AATSC7Z,0.005133308456639618
AATSC8Z,0.029806329396567577
AATSC0m,-0.0007212232168902766
AATSC1m,0.012133233468589744
AATSC2m,0.035447848119373404
AATSC3m,0.014322168906262256
AATSC4m,0.006426594555869691
AATSC5m,-0.004583869858006295
AATSC6m,-0.0016571263707536588
AATSC7m,0.0050984868209460465
AATSC8m,0.03026543982550045
AATSC0v,0.020896331403073454
AATSC1v,0.0245857940530545
AATSC2v,0.025376158312372166
AATSC3v,0.02871308427534336
AATSC4v,0.014477329211756818
AATSC5v,0.017411152640804062
AATSC6v,0.017440474152434327
AATSC7v,0.0262176275769761
AATSC8v,0.02913148413881883
AATSC0se,0.004503088809579392
AATSC1se,0.04402286942102407
AATSC2se,0.008588279137377919
AATSC3se,0.012916532463049801
AATSC4se,0.015327247693083912
AATSC5se,0.013520960704752838
AATSC6se,0.007477343276861781
AATSC7se,0.0122806667469888
AATSC8se,0.02180412112155139
AATSC0pe,0.0017819764625850443
AATSC1pe,0.04913653259665285
AATSC0are,0.001598123233856441
AATSC1are,0.05339660988157657
AATSC2are,0.010009302853981605
AATSC3are,0.011475954820289402
AATSC4are,0.01510909051021514
AATSC5are,0.016242601906934162
AATSC6are,0.006839330918831266
AATSC7are,0.012845421538628443
AATSC8are,0.022316752773015924
AATSC0p,0.009048965361944994
AATSC1p,0.024991278508990966
AATSC2p,0.026195808902953477
AATSC3p,0.02921339091661279
AATSC4p,0.015255343378504094
AATSC5p,0.03156056895948778
AATSC6p,0.014038007635821081
AATSC7p,0.025638799634948306
AATSC8p,0.024398617925736055
AATSC0i,0.002967688638826127
AATSC1i,0.04310830405318855
AATSC2i,0.022265999289805105
AATSC3i,0.06319624213528252
AATSC4i,0.027116476546054535
AATSC5i,0.044852505716903135
AATSC6i,0.010681969359630283
AATSC7i,0.04668025003444409
AATSC8i,0.03931244671139389
MATS1c,0.05394647267919295
MATS2c,0.04960903788321902
MATS3c,0.018140088927846687
MATS4c,0.02920289368824447
MATS5c,0.023385114334216084
MATS6c,0.025188951557570505
MATS7c,0.028440869086454157
MATS8c,0.031847924639558656
MATS1dv,0.02884950969257849
MATS2dv,0.03216318199618229
MATS3dv,0.03719273056286143
MATS4dv,0.03196469771128552
MATS5dv,0.016120203254022414
MATS6dv,0.014296001371417955
MATS7dv,0.027999085755641584
MATS8dv,0.0318959630795268
MATS1d,0.02404155616286996
MATS2d,0.023876825888198283
MATS3d,0.04074343655658863
MATS4d,0.038280890370655296
MATS5d,0.034159675985772964
MATS6d,0.039000695403755614
MATS7d,0.039259255311308916
MATS8d,0.04636916874372288
MATS1m,0.013996830944285055
MATS2m,0.035288994704645305
MATS3m,0.017704201800825548
MATS4m,0.011390371872807226
MATS5m,0.004392849483018324
MATS6m,0.0034269101091815024
MATS7m,0.010297110060059289
MATS8m,0.03236495004378348
MATS1v,0.022031570125542466
MATS2v,0.025930222639550582
MATS3v,0.02895058686668106
MATS4v,0.015100269567846603
MATS5v,0.01745335794413716
MATS6v,0.018106699052277797
MATS7v,0.026769630124045207
MATS8v,0.02909413049755738
MATS1se,0.033614082665504696
MATS2se,0.01879084701233369
MATS3se,0.020123471457671016
MATS5se,0.019640583427364966
MATS6se,0.026962153116151466
MATS7se,0.029444965363823794
MATS8se,0.025804267718587237
MATS1are,0.036168176647234596
MATS2are,0.023728648681491382
MATS3are,0.021720894342982966
MATS4are,0.028099595431727575
MATS5are,0.0236937331550493
MATS6are,0.02373689707246962
MATS7are,0.029872022611481697
MATS8are,0.03152676311354341
MATS1p,0.0208699708213258
MATS2p,0.025253016046249854
MATS3p,0.027721100432490875
MATS4p,0.016851208474222723
MATS5p,0.02933687314850353
MATS6p,0.01873774715108878
MATS7p,0.03214566991753065
MATS8p,0.024107601915685173
MATS1i,0.044138814217740574
MATS2i,0.024831732408194584
MATS3i,0.05911537436197101
MATS4i,0.027497343760400916
MATS5i,0.039376215465582565
MATS6i,0.025722125799383377
MATS7i,0.048154929607208796
MATS8i,0.035995528445267766
GATS1c,0.03934838301883703
GATS2c,0.047430452186349115
GATS3c,0.03413220502147274
GATS4c,0.05732895025474738
GATS5c,0.04424261416987996
GATS6c,0.03504751128643857
GATS7c,0.018900067201043758
GATS8c,0.015231878715205038
GATS1dv,0.038760190724773214
GATS2dv,0.028531397841043304
GATS3dv,0.03666500339521628
GATS4dv,0.03599251794866065
GATS5dv,0.014514944012350206
GATS6dv,0.023838502461811295
GATS7dv,0.030108876177599164
GATS8dv,0.02442348536124328
GATS1d,0.01609332530012786
GATS2d,0.023701309497703882
GATS3d,0.033072324837218225
GATS4d,0.02875968091793979
GATS5d,0.038810497900477525
GATS6d,0.031956366667674097
GATS7d,0.04730377884918591
GATS8d,0.047328338357102595
GATS1m,0.02093612584174087
GATS2m,0.02084572647879579
GATS3m,0.025749655099176927
GATS4m,0.0009393390968566173
GATS5m,0.004232838189360599
GATS6m,0.004796602894082014
GATS7m,0.0010505739242918644
GATS8m,0.00641877367678978
GATS1v,0.0289832027589787
GATS2v,0.040671154579688285
GATS3v,0.022621353837517066
GATS4v,0.025343591204285865
GATS5v,0.02530673348037249
GATS6v,0.031147990423150418
GATS7v,0.02961231098785211
GATS8v,0.05284248860705443
GATS1se,0.02421142673632337
GATS2se,0.0251131758930061
GATS4se,0.029655611611898003
GATS5se,0.019038529800190496
GATS6se,0.022891544012516363
GATS7se,0.012422125023205055
GATS8se,0.020565524091924026
GATS1pe,0.02249991954305619
GATS1are,0.022997481999235347
GATS2are,0.02880054764526374
GATS3are,0.028925993360851
GATS4are,0.033040329799153056
GATS5are,0.021837765711949064
GATS6are,0.02227958546288633
GATS7are,0.020441520846951722
GATS8are,0.02039971609406921
GATS1p,0.02726745547107301
GATS2p,0.03915838417888562
GATS3p,0.02061971031136034
GATS4p,0.02179110590244049
GATS5p,0.02736599943482876
GATS6p,0.01880513159111441
GATS7p,0.017312749950702866
GATS8p,0.018675768831974082
GATS1i,0.03656365958830987
GATS2i,0.05833416138399983
GATS3i,0.03300221800076075
GATS4i,0.01915487673208105
GATS5i,0.04392209060756258
GATS6i,0.026941600616593675
GATS7i,0.02951535509435388
GATS8i,0.038834689406637146
BalabanJ,0.03456547224250528
BertzCT,0.025580814417700548
nBonds,0.012701790530234458
nBondsS,0.016261638300520964
nBondsD,0.010334550632983275
nBondsA,0.0938099711810012
nBondsM,0.07266843670312495
nBondsKS,0.013047457902912729
nBondsKD,0.04536886963606479
RNCG,0.022138922596360855
RPCG,0.016482488364387926
C1SP2,0.03686730878406319
C2SP2,0.05436881169021701
C3SP2,0.040843688685577195
C1SP3,0.02673185067388717
C2SP3,0.01096975085551155
C3SP3,-0.004309629418364269
C4SP3,0.0019677412533620764
FCSP3,0.0374411883896304
Xch-5d,0.032966715615445175
Xch-6d,0.052862120871862484
Xch-7d,0.025315375473270674
Xch-3dv,-0.000297942565657322
Xch-4dv,-0.0002979425656573567
Xch-5dv,0.01856699469228018
Xch-6dv,0.03284619787086074
Xch-7dv,0.020491474523624653
Xc-3d,0.006726978961472341
Xc-4d,0.003266700051772653
Xc-5d,0.011474814651186938
Xc-6d,0.006539829971186684
Xc-3dv,0.007766317232722919
Xc-4dv,0.0026574795636982174
Xc-5dv,0.010445778842146813
Xc-6dv,0.002902662658646249
Xpc-4d,0.011853019181921276
Xpc-5d,0.008571751147322004
Xpc-6d,0.008939647460207478
Xpc-4dv,0.011764804178179933
Xpc-5dv,0.011268432710902498
Xpc-6dv,0.010454920390051026
Xp-1d,0.013264840243516929
Xp-2d,0.012818190640507154
Xp-3d,0.012746958482144688
Xp-4d,0.013558836397257412
Xp-5d,0.011562891137209874
Xp-6d,0.010076419880158394
Xp-7d,0.009139413924196926
AXp-1d,0.03463831258026051
AXp-2d,0.03622669165352832
AXp-3d,0.04744213324093849
AXp-4d,0.04159026410168565
AXp-5d,0.036556558764911706
AXp-6d,0.04399142684103374
AXp-7d,0.03853758473769542
Xp-0dv,0.01102919614034592
Xp-1dv,0.010604987798382925
Xp-2dv,0.011327282690420049
Xp-3dv,0.011646245197802774
Xp-4dv,0.014117653244382744
Xp-5dv,0.0130833409255251
Xp-6dv,0.011816655065036485
Xp-7dv,0.010842396755774253
AXp-0dv,0.016784143157833054
AXp-1dv,0.020203580098489216
AXp-2dv,0.022030608443933897
AXp-3dv,0.02381922792960456
AXp-4dv,0.02076230246037536
AXp-5dv,0.02170114035182724
AXp-6dv,0.0165988445966212
AXp-7dv,0.016215393639172238
SZ,0.008714341761309363
Sm,0.008206756893489153
Sv,0.01330452653446823
Sare,0.012238471250789473
Sp,0.012948790818237743
Si,0.01238750600583094
MZ,0.007781600888968843
Mm,0.007243100209536113
Mv,0.024493938271370475
Mse,0.005003438542359628
Mpe,0.004589913432474502
Mare,0.004191838864698427
Mp,0.013315729079023342
Mi,0.02055762701184527
NsCH3,0.025754647977432876
NdCH2,-0.005540884398191573
NssCH2,0.0212042222749379
NtCH,-0.000540879147865575
NdsCH,-0.006229365697585865
NaaCH,0.04376275156902354
NsssCH,0.008881587910527067
NtsC,-0.015696283766171826
NdssC,0.007297520284263781
NaasC,0.030975522788402987
NaaaC,0.02054859021218447
NssssC,0.0010020855246007376
NsNH2,0.007441134425087537
NssNH,0.029291906415898294
NaaNH,0.15307104325593102
NtN,-0.01613287190844126
NdsN,0.003361097318365501
NaaN,0.11668043637282155
NsssN,0.01186217998714506
NaasN,0.05968112963044958
NsOH,0.028431300763039624
NdO,0.010192095568093196
NssO,0.021935185258621148
NsF,-0.0024426585432870684
NdS,0.0055794322307728406
NssS,-0.0012971205110706568
NaaS,0.0010086738173691323
NdssS,0.009756396228135011
NddssS,0.006214929322975682
NsCl,-0.010484223333715514
NsBr,-0.0013003218280318168
SsCH3,0.019799416657489743
SdCH2,-0.005441017423449934
SssCH2,0.010651634015576894
StCH,-0.0005458958630264465
SdsCH,-0.0059616528397422874
SaaCH,0.0347815252267516
SsssCH,0.0035332362479927326
StsC,-0.0163649779536289
SdssC,0.009326329723628568
SaasC,0.03840608417628655
SaaaC,0.01794296058918987
SssssC,-0.004338271016669282
SsNH2,0.008111192490593555
SssNH,0.029681703067632847
SaaNH,0.12174837744989564
StN,-0.015728906289866673
SdsN,0.0033610973183655843
SaaN,0.1145272836018969
SsssN,0.013582524042174748
SaasN,0.04144846257791435
SsOH,0.02543712874587195
SdO,0.01026039531381051
SssO,0.022119685902101782
SsF,-0.0024979306418155267
SdS,0.005241484686380082
SssS,-0.00079834099209658
SaaS,0.0007449967524882362
SdssS,1.8050331556368189
SddssS,0.2320889369974477
SsCl,-0.010154273573307726
SsBr,-0.0013210007944695346
MAXaaCH,0.029604783164250748
MAXaasC,0.04416062814137245
MINaaCH,0.05776052231887796
MINaasC,0.008790225043642685
ECIndex,-0.2921844674604017
fragCpx,0.017016479664210937
fMF,0.04702695180305039
nHBAcc,0.022500252988041147
nHBDon,0.038503553734060114
IC0,0.011173310909520229
IC1,0.04572080735159245
IC2,0.04473458658436957
IC3,0.056893717667636956
IC5,0.030162222931711113
TIC0,0.007592432605815436
TIC1,0.01352366249229675
TIC2,0.01485737014027011
TIC5,0.012115686171143114
SIC0,0.011784777084694387
SIC1,0.030353759925235035
SIC2,0.05672759689019813
SIC3,0.05810550559770444
SIC4,0.06743925065830414
SIC5,0.06228951130128246
BIC0,0.012232587351301838
BIC1,0.03249049890091538
BIC2,0.05805825741311077
BIC3,0.06518671630070383
BIC4,0.06947920647480643
BIC5,0.06012187638320876
CIC0,0.015681456235842273
CIC1,0.0317574405122798
CIC2,0.030732478559439613
CIC3,0.02480684260370003
CIC4,0.025563939538206792
CIC5,0.031880178610690146
MIC0,0.0029180233067385153
MIC1,0.012447074983502837
MIC2,0.015615312708268991
MIC5,0.011806363774157003
ZMIC0,0.015445752659589917
ZMIC1,0.02206993679385061
ZMIC2,0.020969510799229152
ZMIC3,0.007563577122075227
ZMIC4,0.004039634775857781
ZMIC5,0.004036276784806336
Kier1,0.011865456404013486
Kier2,0.019413025609079426
Kier3,0.024403497750987935
FilterItLogS,0.030720540075103386
VMcGowan,0.013119640205329297
LabuteASA,0.011613407714030632
PEOE_VSA1,0.04074204176619367
PEOE_VSA2,0.04530719758067625
PEOE_VSA3,0.031740940084286295
PEOE_VSA4,0.011610157155740763
PEOE_VSA5,0.010322600016470784
PEOE_VSA6,0.013588872604104685
PEOE_VSA7,0.02530625123737318
PEOE_VSA8,0.03532885162545796
PEOE_VSA9,0.0205091689984207
PEOE_VSA10,0.0315501441634809
PEOE_VSA11,0.023582669977550208
PEOE_VSA12,0.015414600081950058
PEOE_VSA13,0.012923824041773502
SMR_VSA1,0.019002916209204246
SMR_VSA2,-0.01613287190844126
SMR_VSA3,0.07140880045168041
SMR_VSA4,0.013338923849876005
SMR_VSA5,0.021138915610379616
SMR_VSA6,0.020451212957583675
SMR_VSA7,0.03807464938433558
SMR_VSA9,0.048164854787693834
SlogP_VSA1,0.03584701848682892
SlogP_VSA2,0.018565567505105518
SlogP_VSA3,0.02963840075463664
SlogP_VSA4,0.0009058969001809469
SlogP_VSA5,0.01589058972391344
SlogP_VSA6,0.04779348004523376
SlogP_VSA7,-0.01057414103503046
SlogP_VSA8,0.07970276831768874
SlogP_VSA10,0.023030767344526915
SlogP_VSA11,0.022086030556861425
EState_VSA1,-0.000401578087150245
EState_VSA2,0.012957091657282982
EState_VSA3,0.006955534041827027
EState_VSA4,0.02581878450576003
EState_VSA5,0.007656220685045678
EState_VSA6,0.021482883865198588
EState_VSA7,0.02658625758421973
EState_VSA8,0.031495926469038205
EState_VSA9,0.012038029539788386
EState_VSA10,0.004489711130816532
VSA_EState1,0.0028649932226471053
VSA_EState2,0.028951345689260055
VSA_EState3,0.02656202495345905
VSA_EState4,0.020931033280170652
VSA_EState5,0.01493816429188577
VSA_EState6,0.02299676173202103
VSA_EState7,0.031400440130273655
VSA_EState8,0.019049877019018613
VSA_EState9,0.021016297735180878
MDEC-22,0.01801852601874554
MDEC-23,0.026074097118181427
MDEC-33,0.012279243508276583
MPC2,0.013324653290240462
MPC3,0.011764290760341911
MPC4,0.010497043768136205
MPC5,0.009141374997268858
MPC6,0.008227697650176058
MPC7,0.007448229741261692
MPC8,0.006684136224750947
MPC9,0.005999327530870069
MPC10,0.005576651810012656
TMPC10,0.006493345163423925
piPC1,0.028536978034047866
piPC2,0.03619132228115962
piPC3,0.0357542111494773
piPC4,0.03172380293574495
piPC5,0.02778586940235872
piPC6,0.025473545845596135
piPC7,0.025885428837852942
piPC8,0.02741747386166704
piPC9,0.0277909563561769
piPC10,0.02828417727405963
TpiPC10,0.026482989067347695
apol,0.012948790813256394
bpol,0.016133490842134446
nRing,0.02109130342444665
n6Ring,0.03882910865705158
nHRing,0.09983358833866962
n5HRing,0.03361400623706823
n6HRing,0.06935507617238423
naRing,0.12470692544087392
n6aRing,0.07537322915050648
naHRing,0.1913714553343815
n5aHRing,0.03923282487518698
n6aHRing,0.12889049896875537
n3ARing,-0.0002979425656573567
nAHRing,0.02479748933779491
n5AHRing,0.02468357182368508
n6AHRing,0.016592429738740977
nFHRing,0.08235585290247505
n9FHRing,0.0393876326314373
nFaHRing,0.06312397159538907
n9FaHRing,0.12264690747284801
n10FaHRing,0.06574500571016806
nFAHRing,0.02695271853099912
n8FAHRing,0.028853720151416296
n9FAHRing,0.013047688403432012
n12FAHRing,
nG12FAHRing,0.001282729538857691
nRot,0.024725851947037913
RotRatio,0.03602462289628905
SLogP,0.020421789115077527
SMR,0.014360120276096566
TopoPSA(NO),0.02774881818427355
TopoPSA,0.024117190383050602
GGI1,0.010538936359319795
GGI2,0.010952112763306321
GGI3,0.01036113091818125
GGI4,0.01648876376567987
GGI5,0.016325783371703206
GGI6,0.012997902870655498
GGI7,0.027740914290111718
GGI8,0.014122271608295378
GGI9,0.016823850002975593
GGI10,0.00619798664123139
JGI1,0.02486603036771262
JGI2,0.027860027956454037
JGI3,0.022159625633399127
JGI4,0.06007817118815462
JGI5,0.05060994199659863
JGI6,0.036637436226663045
JGI7,0.03654505521285323
JGI8,0.034143733170941104
JGI9,0.03672309681012553
JGI10,0.019502976579615083
JGT10,0.040752446755470295
Radius,-0.0011862329443651232
TopoShapeIndex,0.06484937576036032
PetitjeanIndex,0.052073417021007984
Vabc,0.012004762858886409
VAdjMat,0.019601521320138815
MWC01,0.013627408711513578
MWC02,0.019453663405866184
MWC03,0.020219340164964628
MWC04,0.018605009414089047
MWC05,0.016886044143397783
MWC06,0.01605127351322544
MWC07,0.015705272499959122
MWC08,0.015635546345784235
MWC09,0.015850927100943046
MWC10,0.016073663397281557
TMWC10,0.013539773169195524
SRW02,0.019500011984161958
SRW03,-0.0002979425656573567
SRW04,0.019527864990482424
SRW05,0.07624303391899279
SRW06,0.019303330502854266
SRW07,0.15204442797674567
SRW08,0.016337905192468583
SRW09,0.1688649806702207
SRW10,0.014872631380366208
TSRW10,0.03425754057799324
MW,0.0082449733083938
AMW,0.007395560361011189
WPath,-0.0011862212190931684
WPol,0.010016538358944782
Zagreb1,0.013312896488837378
Zagreb2,0.014027519273421607
mZagreb2,0.012492067501597592
